Lag1,Lag2,Lag3,Lag4,Lag5,Volume,Today,Direction
381,-192,-2624,-1055,5.01,1.1913,959,Up
959,381,-192,-2624,-1055,1.2965,1032,Up
1032,959,381,-192,-2624,1.4112,-623,Down
-623,1032,959,381,-192,1276,614,Up
614,-623,1032,959,381,1.2057,213,Up
213,614,-623,1032,959,1.3491,1392,Up
1392,213,614,-623,1032,1445,-403,Down
-403,1392,213,614,-623,1.4078,27,Up
27,-403,1392,213,614,1164,1303,Up
1303,27,-403,1392,213,1.2326,287,Up
287,1303,27,-403,1392,1309,-498,Down
-498,287,1303,27,-403,1258,-189,Down
-189,-498,287,1303,27,1098,0.68,Up
0.68,-189,-498,287,1303,1.0531,701,Up
701,0.68,-189,-498,287,1.1498,-562,Down
-562,701,0.68,-189,-498,1.2953,546,Up
546,-562,701,0.68,-189,1.1188,-1747,Down
-1747,546,-562,701,0.68,1.0484,359,Up
359,-1747,546,-562,701,1013,-151,Down
-151,359,-1747,546,-562,1.0596,-841,Down
-841,-151,359,-1747,546,1.1583,-623,Down
-623,-841,-151,359,-1747,1.1072,-1334,Down
-1334,-623,-841,-151,359,1.0755,1183,Up
1183,-1334,-623,-841,-151,1.0391,-865,Down
-865,1183,-1334,-623,-841,1.0752,-218,Down
-218,-865,1183,-1334,-623,1.1503,812,Up
812,-218,-865,1183,-1334,1.1537,-1891,Down
-1891,812,-218,-865,1183,1.2572,-1736,Down
-1736,-1891,812,-218,-865,1.1122,-1851,Down
-1851,-1736,-1891,812,-218,1.2085,-195,Down
-195,-1851,-1736,-1891,812,1.3659,-556,Down
-556,-195,-1851,-1736,-1891,1.2313,1749,Up
1749,-556,-195,-1851,-1736,1.1308,-766,Down
-766,1749,-556,-195,-1851,1.1141,-1431,Down
-1431,-766,1749,-556,-195,1.2253,104,Up
104,-1431,-766,1749,-556,1.2949,-568,Down
-568,104,-1431,-766,1749,1294,586,Up
586,-568,104,-1431,-766,0.9292,998,Up
998,586,-568,104,-1431,1.0918,645,Up
645,998,586,-568,104,1.1322,226,Up
226,645,998,586,-568,1.1141,-2476,Down
-2476,226,645,998,586,1.0859,-4318,Down
-4318,-2476,226,645,998,1229,1483,Up
1483,-4318,-2476,226,645,1.3609,-2584,Down
-2584,1483,-4318,-2476,226,1.3974,587,Up
587,-2584,1483,-4318,-2476,1.2595,-1962,Down
-1962,587,-2584,1483,-4318,1.54356,1763,Up
1763,-1962,587,-2584,1483,1.1262,-2408,Down
-2408,1763,-1962,587,-2584,1.2359,-1792,Down
-1792,-2408,1763,-1962,587,1.3463,-406,Down
-406,-1792,-2408,1763,-1962,1.72395,1991,Up
1991,-406,-1792,-2408,1763,1.3649,1128,Up
1128,1991,-406,-1792,-2408,1114,2557,Up
2557,1128,1991,-406,-1792,1.3142,-2443,Down
-2443,2557,1128,1991,-406,1.3334,-463,Down
-463,-2443,2557,1128,1991,1.2345,1078,Up
1078,-463,-2443,2557,1128,1.2808,-1246,Down
-1246,1078,-463,-2443,2557,1.2549,-3439,Down
-3439,-1246,1078,-463,-2443,1.3861,-0.29,Down
-0.29,-3439,-1246,1078,-463,1.42559,4368,Up
4368,-0.29,-3439,-1246,1078,1368,-1998,Down
-1998,4368,-0.29,-3439,-1246,1.2668,812,Up
812,-1998,4368,-0.29,-3439,1.0628,2707,Up
2707,812,-1998,4368,-0.29,1.3496,-213,Down
-213,2707,812,-1998,4368,1.2903,1.51,Up
1.51,-213,2707,812,-1998,1102,-323,Down
-323,1.51,-213,2707,812,0.9139,1028,Up
1028,-323,1.51,-213,2707,1.1096,3889,Up
3889,1028,-323,1.51,-213,1.9189,1254,Up
1254,3889,1028,-323,1.51,1.4868,-854,Down
-854,1254,3889,1028,-323,1.3387,-1498,Down
-1498,-854,1254,3889,1028,1.0126,-1216,Down
-1216,-1498,-854,1254,3889,1.2165,1594,Up
1594,-1216,-1498,-854,1254,1.2036,0.47,Up
0.47,1594,-1216,-1498,-854,1.3452,1501,Up
1501,0.47,1594,-1216,-1498,1.0913,-287,Down
-287,1501,0.47,1594,-1216,1.2668,1359,Up
1359,-287,1501,0.47,1594,1.1813,78,Up
78,1359,-287,1501,0.47,1.3422,-1487,Down
-1487,78,1359,-287,1501,1.1379,1444,Up
1444,-1487,78,1359,-287,1.0821,-245,Down
-245,1444,-1487,78,1359,949,-183,Down
-183,-245,1444,-1487,78,1.0063,-449,Down
-449,-183,-245,1444,-1487,1.1324,-29,Down
-29,-449,-183,-245,1444,1.0567,-758,Down
-758,-29,-449,-183,-245,0.9062,261,Up
261,-758,-29,-449,-183,0.8582,42,Up
42,261,-758,-29,-449,1.0718,2845,Up
2845,42,261,-758,-29,1.4053,272,Up
272,2845,42,261,-758,1.3556,269,Up
269,272,2845,42,261,1.1308,1615,Up
1615,269,272,2845,42,1.1749,-263,Down
-263,1615,269,272,2845,1.2604,-1553,Down
-1553,-263,1615,269,272,1.1348,0.32,Up
0.32,-1553,-263,1615,269,1.1007,-1182,Down
-1182,0.32,-1553,-263,1615,0.8281,-779,Down
-779,-1182,0.32,-1553,-263,1026,-1566,Down
-1566,-779,-1182,0.32,-1553,1.1586,0.62,Up
0.62,-1566,-779,-1182,0.32,1.2266,386,Up
386,0.62,-1566,-779,-1182,1015,511,Up
511,386,0.62,-1566,-779,0.8365,1299,Up
1299,511,386,0.62,-1566,1.1168,-1055,Down
-1055,1299,511,386,0.62,1.0619,546,Up
546,-1055,1299,511,386,1.0896,-0.94,Down
-0.94,546,-1055,1299,511,0.7262,-836,Down
-836,-0.94,546,-1055,1299,0.8701,116,Up
116,-836,-0.94,546,-1055,1.1365,-1135,Down
-1135,116,-836,-0.94,546,1.0636,-1.75,Down
-1.75,-1135,116,-836,-0.94,1.2429,-452,Down
-452,-1.75,-1135,116,-836,1.63555,-488,Down
-488,-452,-1.75,-1135,116,1.1116,343,Up
343,-488,-452,-1.75,-1135,1.1849,871,Up
871,343,-488,-452,-1.75,1.3501,1136,Up
1136,871,343,-488,-452,1.54682,-945,Down
-945,1136,871,343,-488,1.1892,-551,Down
-551,-945,1136,871,343,1.0501,-151,Down
-151,-551,-945,1136,871,1.1989,-468,Down
-468,-151,-551,-945,1136,1.1621,1249,Up
1249,-468,-151,-551,-945,1.3273,-148,Down
-148,1249,-468,-151,-551,1.83236,1008,Up
1008,-148,1249,-468,-151,1.1283,-184,Down
-184,1008,-148,1249,-468,0.62211,-1232,Down
-1232,-184,1008,-148,1249,0.9349,-2.35,Down
-2.35,-1232,-184,1008,-148,1.0567,688,Up
688,-2.35,-1232,-184,1008,1.0457,-1.44,Down
-1.44,688,-2.35,-1232,-184,1.2638,-113,Down
-113,-1.44,688,-2.35,-1232,1.3841,2369,Up
2369,-113,-1.44,688,-2.35,1394,624,Up
624,2369,-113,-1.44,688,1.1217,-1088,Down
-1088,624,2369,-113,-1.44,1.0398,997,Up
997,-1088,624,2369,-113,1.2381,-554,Down
-554,997,-1088,624,2369,1.3163,605,Up
605,-554,997,-1088,624,1.3435,-343,Down
-343,605,-554,997,-1088,1.1709,-1637,Down
-1637,-343,605,-554,997,0.9869,-1627,Down
-1627,-1637,-343,605,-554,1.1987,1608,Up
1608,-1627,-1637,-343,605,1.2807,1045,Up
1045,1608,-1627,-1637,-343,1.2139,0.24,Up
0.24,1045,1608,-1627,-1637,1.0153,-108,Down
-108,0.24,1045,1608,-1627,0.9091,557,Up
557,-108,0.24,1045,1608,1.1292,388,Up
388,557,-108,0.24,1045,1.3403,396,Up
396,388,557,-108,0.24,1.2183,-524,Down
-524,396,388,557,-108,0.9399,-1142,Down
-1142,-524,396,388,557,0.8117,327,Up
327,-1142,-524,396,388,1012,-1733,Down
-1733,327,-1142,-524,396,1.1246,-8,Down
-8,-1733,327,-1142,-524,1.1042,569,Up
569,-8,-1733,327,-1142,0.9609,95,Up
95,569,-8,-1733,327,0.8376,-383,Down
-383,95,569,-8,-1733,0.9646,-734,Down
-734,-383,95,569,-8,1.0656,309,Up
309,-734,-383,95,569,1.0554,-1666,Down
-1666,309,-734,-383,95,0.9743,812,Up
812,-1666,309,-734,-383,0.8971,-1208,Down
-1208,812,-1666,309,-734,1.0416,696,Up
696,-1208,812,-1666,309,1.1108,-276,Down
-276,696,-1208,812,-1666,0.9862,1965,Up
1965,-276,696,-1208,812,1.0436,-483,Down
-483,1965,-276,696,-1208,0.8426,-1501,Down
-1501,-483,1965,-276,696,0.9871,-1115,Down
-1115,-1501,-483,1965,-276,0.9637,-1.7,Down
-1.7,-1115,-1501,-483,1965,1157,403,Up
403,-1.7,-1115,-1501,-483,0.9201,-56,Down
-56,403,-1.7,-1115,-1501,1.1783,-106,Down
-106,-56,403,-1.7,-1115,1.3845,-2239,Down
-2239,-106,-56,403,-1.7,1.3597,-1864,Down
-1864,-2239,-106,-56,403,1.4243,623,Up
623,-1864,-2239,-106,-56,1.2766,-4922,Down
-4922,623,-1864,-2239,-106,2.33083,-0.58,Down
-0.58,-4922,623,-1864,-2239,1.65041,-1611,Down
-1611,-0.58,-4922,623,-1864,2.12055,-3106,Down
-3106,-1611,-0.58,-4922,623,2.0048,-1903,Down
-1903,-3106,-1611,-0.58,-4922,2.3173,3898,Up
3898,-1903,-3106,-1611,-0.58,1.7466,879,Up
879,3898,-1903,-3106,-1611,1.6138,-517,Down
-517,879,3898,-1903,-3106,1.5191,1149,Up
1149,-517,879,3898,-1903,1467,2192,Up
2192,1149,-517,879,3898,1.6315,-0.23,Down
-0.23,2192,1149,-517,879,1.1756,1231,Up
1231,-0.23,2192,1149,-517,1.2898,1993,Up
1993,1231,-0.23,2192,1149,1.6506,-247,Down
-247,1993,1231,-0.23,2192,1.6091,164,Up
164,-247,1993,1231,-0.23,1.3017,-834,Down
-834,164,-247,1993,1231,979,-536,Down
-536,-834,164,-247,1993,1.2278,2294,Up
2294,-536,-834,164,-247,1.3124,1521,Up
1521,2294,-536,-834,164,1.70458,-527,Down
-527,1521,2294,-536,-834,1.3314,-153,Down
-153,-527,1521,2294,-536,1.0247,694,Up
694,-153,-527,1521,2294,1.2105,-1863,Down
-1863,694,-153,-527,1521,1.4522,-787,Down
-787,-1863,694,-153,-527,1.2629,456,Up
456,-787,-1863,694,-153,1.2949,1.53,Up
1.53,456,-787,-1863,694,1.1057,-0.47,Down
-0.47,1.53,456,-787,-1863,1.3173,39,Up
39,-0.47,1.53,456,-787,1.3362,1372,Up
1372,39,-0.47,1.53,456,1.3644,411,Up
411,1372,39,-0.47,1.53,1.2445,-2382,Down
-2382,411,1372,39,-0.47,1.1061,-1717,Down
-1717,-2382,411,1372,39,1.2974,-1,Down
-1,-1717,-2382,411,1372,1.3525,2295,Up
2295,-1,-1717,-2382,411,1.3174,286,Up
286,2295,-1,-1717,-2382,1.1219,1439,Up
1439,286,2295,-1,-1717,1.2677,1453,Up
1453,1439,286,2295,-1,1356,-273,Down
-273,1453,1439,286,2295,1.4113,246,Up
246,-273,1453,1439,286,1.5175,158,Up
158,246,-273,1453,1439,1.0938,-177,Down
-177,158,246,-273,1453,0.9916,1856,Up
1856,-177,158,246,-273,1.3701,186,Up
186,1856,-177,158,246,1.4434,0.09,Up
0.09,186,1856,-177,158,1.4545,-314,Down
-314,0.09,186,1856,-177,1.3374,1.09,Up
1.09,-314,0.09,186,1856,1.3168,-0.73,Down
-0.73,1.09,-314,0.09,186,1.3302,-493,Down
-493,-0.73,1.09,-314,0.09,1.0293,1171,Up
1171,-493,-0.73,1.09,-314,0.4103,615,Up
615,1171,-493,-0.73,1.09,1.1298,-684,Down
-684,615,1171,-493,-0.73,1288,-1825,Down
-1825,-684,615,1171,-493,1.4237,1035,Up
1035,-1825,-684,615,1171,1.3757,-66,Down
-66,1035,-1825,-684,615,1.3436,-838,Down
-838,-66,1035,-1825,-684,1.2029,1319,Up
1319,-838,-66,1035,-1825,1.3185,2232,Up
2232,1319,-838,-66,1035,1.7653,-278,Down
-278,2232,1319,-838,-66,1.4879,-753,Down
-753,-278,2232,1319,-838,1.2482,-1587,Down
-1587,-753,-278,2232,1319,1.2187,-278,Down
-278,-1587,-753,-278,2232,1.3672,27,Up
27,-278,-1587,-753,-278,1.4497,-1556,Down
-1556,27,-278,-1587,-753,1.5115,331,Up
331,-1556,27,-278,-1587,1.3068,1003,Up
1003,331,-1556,27,-278,1.2604,755,Up
755,1003,331,-1556,27,1354,581,Up
581,755,1003,331,-1556,1.4849,-838,Down
-838,581,755,1003,331,1.4905,435,Up
435,-838,581,755,1003,1694,-21,Down
-21,435,-838,581,755,0.43967,412,Up
412,-21,435,-838,581,0.7911,675,Up
675,412,-21,435,-838,0.8763,336,Up
336,675,412,-21,435,0.9174,-1115,Down
-1115,336,675,412,-21,0.9436,574,Up
574,-1115,336,675,412,1171,918,Up
918,574,-1115,336,675,1.3989,621,Up
621,918,574,-1115,336,1513,-0.65,Down
-0.65,621,918,574,-1115,1.3083,-359,Down
-359,-0.65,621,918,574,1.2588,-0.48,Down
-0.48,-359,-0.65,621,918,1452,122,Up
122,-0.48,-359,-0.65,621,1299,-947,Down
-947,122,-0.48,-359,-0.65,1.2119,-628,Down
-628,-947,122,-0.48,-359,1.2864,683,Up
683,-628,-947,122,-0.48,1.3869,-1625,Down
-1625,683,-628,-947,122,1.4825,1003,Up
1003,-1625,683,-628,-947,1.3801,-992,Down
-992,1003,-1625,683,-628,1.3333,-733,Down
-733,-992,1003,-1625,683,1.3116,792,Up
792,-733,-992,1003,-1625,1.4792,352,Up
352,792,-733,-992,1003,1.5528,0.1,Up
0.1,352,792,-733,-992,1.3451,-19,Down
-19,0.1,352,792,-733,1.1868,-2861,Down
-2861,-19,0.1,352,792,1812,1175,Up
1175,-2861,-19,0.1,352,2.0196,1493,Up
1493,1175,-2861,-19,0.1,1557,-708,Down
-708,1493,1175,-2861,-19,1.3672,-2474,Down
-2474,-708,1493,1175,-2861,1.4376,-404,Down
-404,-2474,-708,1493,1175,1.7783,-597,Down
-597,-404,-2474,-708,1493,1.6658,-308,Down
-308,-597,-404,-2474,-708,1.4416,1486,Up
1486,-308,-597,-404,-2474,1.3719,1434,Up
1434,1486,-308,-597,-404,1.1594,-399,Down
-399,1434,1486,-308,-597,1.0942,994,Up
994,-399,1434,1486,-308,1.2159,-181,Down
-181,994,-399,1434,1486,1.2725,-1102,Down
-1102,-181,994,-399,1434,1.3592,-1887,Down
-1887,-1102,-181,994,-399,1.1899,1351,Up
1351,-1887,-1102,-181,994,1.4389,-1551,Down
-1551,1351,-1887,-1102,-181,1.3816,822,Up
822,-1551,1351,-1887,-1102,1411,1798,Up
1798,822,-1551,1351,-1887,1.3674,-5,Down
-5,1798,822,-1551,1351,1.3092,46,Up
46,-5,1798,822,-1551,1.3938,-285,Down
-285,46,-5,1798,822,1.3922,2263,Up
2263,-285,46,-5,1798,1.4565,1949,Up
1949,2263,-285,46,-5,1.5943,-667,Down
-667,1949,2263,-285,46,1.5493,1451,Up
1451,-667,1949,2263,-285,1.5413,-0.45,Down
-0.45,1451,-667,1949,2263,1.5174,585,Up
585,-0.45,1451,-667,1949,1412,339,Up
339,585,-0.45,1451,-667,1.2102,-229,Down
-229,339,585,-0.45,1451,1.3044,-986,Down
-986,-229,339,585,-0.45,1354,-91,Down
-91,-986,-229,339,585,1.2088,1138,Up
1138,-91,-986,-229,339,1.4939,-52,Down
-52,1138,-91,-986,-229,1.1695,407,Up
407,-52,1138,-91,-986,1255,-1576,Down
-1576,407,-52,1138,-91,1.3049,151,Up
151,-1576,407,-52,1138,1.3392,-424,Down
-424,151,-1576,407,-52,1.2433,-1465,Down
-1465,-424,151,-1576,407,1.0579,585,Up
585,-1465,-424,151,-1576,1.2236,535,Up
535,585,-1465,-424,151,1.1801,246,Up
246,535,585,-1465,-424,1.1476,-74,Down
-74,246,535,585,-1465,1.0509,-853,Down
-853,-74,246,535,585,1.1767,-999,Down
-999,-853,-74,246,535,1.2197,84,Up
84,-999,-853,-74,246,1.2838,-321,Down
-321,84,-999,-853,-74,1.1102,228,Up
228,-321,84,-999,-853,1.0953,-666,Down
-666,228,-321,84,-999,1.2354,1133,Up
1133,-666,228,-321,84,1.4479,-2369,Down
-2369,1133,-666,228,-321,1.5056,663,Up
663,-2369,1133,-666,228,1.2821,-761,Down
-761,663,-2369,1133,-666,1.1204,2342,Up
2342,-761,663,-2369,1133,1.3413,-204,Down
-204,2342,-761,663,-2369,1.3769,-142,Down
-142,-204,2342,-761,663,1.3593,62,Up
62,-142,-204,2342,-761,1185,-1541,Down
-1541,62,-142,-204,2342,1.1818,-0.62,Down
-0.62,-1541,62,-142,-204,1.3885,-0.71,Down
-0.71,-0.62,-1541,62,-142,1.3732,-152,Down
-152,-0.71,-0.62,-1541,62,1.5174,-1389,Down
-1389,-152,-0.71,-0.62,-1541,1.3742,-1.01,Down
-1.01,-1389,-152,-0.71,-0.62,1.3147,1077,Up
1077,-1.01,-1389,-152,-0.71,1.6286,886,Up
886,1077,-1.01,-1389,-152,1.4514,-175,Down
-175,886,1077,-1.01,-1389,1364,-1026,Down
-1026,-175,886,1077,-1.01,1.2845,-1934,Down
-1934,-1026,-175,886,1077,1.1226,-302,Down
-302,-1934,-1026,-175,886,1.3547,3.75,Up
3.75,-302,-1934,-1026,-175,1502,-1455,Down
-1455,3.75,-302,-1934,-1026,1153,-1679,Down
-1679,-1455,3.75,-302,-1934,1.1719,1855,Up
1855,-1679,-1455,3.75,-302,1.0886,2114,Up
2114,1855,-1679,-1455,3.75,1.4145,-566,Down
-566,2114,1855,-1679,-1455,1.4202,656,Up
656,-566,2114,1855,-1679,1.2566,761,Up
761,656,-566,2114,1855,1.2744,-1329,Down
-1329,761,656,-566,2114,0.9898,-1099,Down
-1099,-1329,761,656,-566,1.2005,569,Up
569,-1099,-1329,761,656,1.1363,1018,Up
1018,569,-1099,-1329,761,1.1929,-1209,Down
-1209,1018,569,-1099,-1329,0.8854,-855,Down
-855,-1209,1018,569,-1099,0.9965,-641,Down
-641,-855,-1209,1018,569,1.0818,-281,Down
-281,-641,-855,-1209,1018,1.2866,233,Up
233,-281,-641,-855,-1209,1.2773,-2.48,Down
-2.48,233,-281,-641,-855,1.3243,1,Up
1,-2.48,233,-281,-641,1.4666,885,Up
885,1,-2.48,233,-281,1.3001,-1976,Down
-1976,885,1,-2.48,233,1.6015,-157,Down
-157,-1976,885,1,-2.48,1.3413,312,Up
312,-157,-1976,885,1,1.2262,-1663,Down
-1663,312,-157,-1976,885,1.2124,657,Up
657,-1663,312,-157,-1976,1.79572,-1049,Down
-1049,657,-1663,312,-157,1.4055,-227,Down
-227,-1049,657,-1663,312,1549,2869,Up
2869,-227,-1049,657,-1663,1.2366,94,Up
94,2869,-227,-1049,657,1.1931,-1654,Down
-1654,94,2869,-227,-1049,1.3361,-1343,Down
-1343,-1654,94,2869,-227,1.3897,-1704,Down
-1704,-1343,-1654,94,2869,1.4972,362,Up
362,-1704,-1343,-1654,94,1.5526,-1.67,Down
-1.67,362,-1704,-1343,-1654,1.5137,-267,Down
-267,-1.67,362,-1704,-1343,2.01429,1758,Up
1758,-267,-1.67,362,-1704,1.9086,-83,Down
-83,1758,-267,-1.67,362,2117,-2139,Down
-2139,-83,1758,-267,-1.67,1.4255,-2123,Down
-2123,-2139,-83,1758,-267,1823,622,Up
622,-2123,-2139,-83,1758,1.5278,3673,Up
3673,622,-2123,-2139,-83,0.6994,-1218,Down
-1218,3673,622,-2123,-2139,1.1844,-2472,Down
-2472,-1218,3673,622,-2123,1.3489,-3396,Down
-3396,-2472,-1218,3673,622,1.8169,0.75,Up
0.75,-3396,-2472,-1218,3673,2.08048,-645,Down
-645,0.75,-3396,-2472,-1218,1.6074,-376,Down
-376,-645,0.75,-3396,-2472,2.5748,-1851,Down
-1851,-376,-645,0.75,-3396,1.8437,566,Up
566,-1851,-376,-645,0.75,2.5665,-2702,Down
-2702,566,-1851,-376,-645,1.7363,-3835,Down
-3835,-2702,566,-1851,-376,2.6541,-3291,Down
-3291,-3835,-2702,566,-1851,2.24806,-2702,Down
-2702,-3291,-3835,-2702,566,2.44102,5733,Up
5733,-2702,-3291,-3835,-2702,2.77556,-563,Down
-563,5733,-2702,-3291,-3835,2.4247,1688,Up
1688,-563,5733,-2702,-3291,1.7961,5408,Up
5408,1688,-563,5733,-2702,1.77865,425,Up
425,5408,1688,-563,5733,1.82609,979,Up
979,425,5408,1688,-563,2.04936,-2957,Down
-2957,979,425,5408,1688,1.6722,-2308,Down
-2308,-2957,979,425,5408,1.5381,-3.43,Down
-3.43,-2308,-2957,979,425,1.4255,2992,Up
2992,-3.43,-2308,-2957,979,1.5141,2001,Up
2001,2992,-3.43,-2308,-2957,1.4904,3272,Up
3272,2001,2992,-3.43,-2308,1.6467,351,Up
351,3272,2001,2992,-3.43,1.2949,-533,Down
-533,351,3272,2001,2992,1.0365,-2168,Down
-2168,-533,351,3272,2001,1.2977,4005,Up
4005,-2168,-533,351,3272,1.5338,1156,Up
1156,4005,-2168,-533,351,1.5051,-159,Down
-159,1156,4005,-2168,-533,1.2653,2361,Up
2361,-159,1156,4005,-2168,1.2998,-1396,Down
-1396,2361,-159,1156,4005,1.3085,1273,Up
1273,-1396,2361,-159,1156,1.3531,1405,Up
1405,1273,-1396,2361,-159,1373,-2269,Down
-2269,1405,1273,-1396,2361,1.0715,754,Up
754,-2269,1405,1273,-1396,1.0169,-1385,Down
-1385,754,-2269,1405,1273,1.3077,-1813,Down
-1813,-1385,754,-2269,1405,1.1466,-8,Down
-8,-1813,-1385,754,-2269,1.2711,-188,Down
-188,-8,-1813,-1385,754,0.9299,-4154,Down
-4154,-188,-8,-1813,-1385,1.2898,1752,Up
1752,-4154,-188,-8,-1813,1.3721,-1595,Down
-1595,1752,-4154,-188,-8,1.4013,1.68,Up
1.68,-1595,1752,-4154,-188,1.1845,1011,Up
1011,1.68,-1595,1752,-4154,1.1306,733,Up
733,1011,1.68,-1595,1752,1.1864,-14,Down
-14,733,1011,1.68,-1595,0.8466,-2478,Down
-2478,-14,733,1011,1.68,1.1916,327,Up
327,-2478,-14,733,1011,1271,145,Up
145,327,-2478,-14,733,1.0014,-1973,Down
-1973,145,327,-2478,-14,1.4486,-465,Down
-465,-1973,145,327,-2478,1501,-3006,Down
-3006,-465,-1973,145,327,1524,245,Up
245,-3006,-465,-1973,145,1.7928,-1383,Down
-1383,245,-3006,-465,-1973,1.3811,-1728,Down
-1728,-1383,245,-3006,-465,1.67024,2486,Up
2486,-1728,-1383,245,-3006,1.6515,1821,Up
1821,2486,-1728,-1383,245,1.65,-3226,Down
-3226,1821,2486,-1728,-1383,1.5073,-1461,Down
-1461,-3226,1821,2486,-1728,1.72187,4002,Up
4002,-1461,-3226,1821,2486,1.7809,-2359,Down
-2359,4002,-1461,-3226,1821,1.6689,-1082,Down
-1082,-2359,4002,-1461,-3226,1.6745,-2243,Down
-2243,-1082,-2359,4002,-1461,1.83593,-1911,Down
-1911,-2243,-1082,-2359,4002,1.5765,1.69,Up
1.69,-1911,-2243,-1082,-2359,1.93843,-2729,Down
-2729,1.69,-1911,-2243,-1082,1.88503,3497,Up
3497,-2729,1.69,-1911,-2243,2.09023,3906,Up
3906,3497,-2729,1.69,-1911,1.85413,733,Up
733,3906,3497,-2729,1.69,1.2003,4734,Up
4734,733,3906,3497,-2729,1956,-2411,Down
-2411,4734,733,3906,3497,1585,2.23,Up
2.23,-2411,4734,733,3906,1.78039,0.59,Up
0.59,2.23,-2411,4734,733,1.4231,1733,Up
1733,0.59,2.23,-2411,4734,1447,-1063,Down
-1063,1733,0.59,2.23,-2411,1.5492,672,Up
672,-1063,1733,0.59,2.23,1.5939,-1522,Down
-1522,672,-1063,1733,0.59,1.70057,1717,Up
1717,-1522,672,-1063,1733,1.3404,-827,Down
-827,1717,-1522,672,-1063,1.3826,-908,Down
-908,-827,1717,-1522,672,1.5297,0.97,Up
0.97,-908,-827,1717,-1522,1.4223,-556,Down
-556,0.97,-908,-827,1717,1.6413,1716,Up
1716,-556,0.97,-908,-827,1.4504,0.82,Up
0.82,1716,-556,0.97,-908,1.6459,775,Up
775,0.82,1716,-556,0.97,1.3541,914,Up
914,775,0.82,1716,-556,1674,-2285,Down
-2285,914,775,0.82,1716,1.4669,-876,Down
-876,-2285,914,775,0.82,1.4465,-2073,Down
-2073,-876,-2285,914,775,1113,772,Up
772,-2073,-876,-2285,914,1.3771,-48,Down
-48,772,-2073,-876,-2285,1.4634,2463,Up
2463,-48,772,-2073,-876,1519,615,Up
615,2463,-48,772,-2073,1.4001,-1041,Down
-1041,615,2463,-48,772,1.2826,-402,Down
-402,-1041,615,2463,-48,1.3374,1941,Up
1941,-402,-1041,615,2463,1.5173,2145,Up
2145,1941,-402,-1041,615,2.4151,-344,Down
-344,2145,1941,-402,-1041,1.6268,249,Up
249,-344,2145,1941,-402,1574,-2097,Down
-2097,249,-344,2145,1941,1.5436,2799,Up
2799,-2097,249,-344,2145,1.3503,-273,Down
-273,2799,-2097,249,-344,0.64346,-0.19,Down
-0.19,-273,2799,-2097,249,1612,-1475,Down
-1475,-0.19,-273,2799,-2097,1.4884,-344,Down
-344,-1475,-0.19,-273,2799,1.5889,-1202,Down
-1202,-344,-1475,-0.19,-273,1.2502,627,Up
627,-1202,-344,-1475,-0.19,1.2411,-2218,Down
-2218,627,-1202,-344,-1475,1.3208,1396,Up
1396,-2218,627,-1202,-344,1.2866,56,Up
56,1396,-2218,627,-1202,1.2851,-373,Down
-373,56,1396,-2218,627,1.2553,-1342,Down
-1342,-373,56,1396,-2218,1.3308,2352,Up
2352,-1342,-373,56,1396,1.2716,-814,Down
-814,2352,-1342,-373,56,1.2518,-1315,Down
-1315,-814,2352,-1342,-373,1.4462,-771,Down
-771,-1315,-814,2352,-1342,1.3859,1302,Up
1302,-771,-1315,-814,2352,1.78273,181,Up
181,1302,-771,-1315,-814,1.1121,-547,Down
-547,181,1302,-771,-1315,0.45831,-315,Down
-315,-547,181,1302,-771,0.7211,-1603,Down
-1603,-315,-547,181,1302,0.7584,456,Up
456,-1603,-315,-547,181,1.0578,49,Up
49,456,-1603,-315,-547,1.0885,3.32,Up
3.32,49,456,-1603,-315,1.2292,-48,Down
-48,3.32,49,456,-1603,1.1308,2247,Up
2247,-48,3.32,49,456,1.4359,-654,Down
-654,2247,-48,3.32,49,1.5452,-1409,Down
-1409,-654,2247,-48,3.32,1.4676,1939,Up
1939,-1409,-654,2247,-48,1.5603,0,Up
0,1939,-1409,-654,2247,1.4854,-141,Down
-141,0,1939,-1409,-654,1.3963,583,Up
583,-141,0,1939,-1409,1.3794,-1443,Down
-1443,583,-141,0,1939,1.4321,-394,Down
-394,-1443,583,-141,0,1.5346,-1402,Down
-1402,-394,-1443,583,-141,1.3582,-1.57,Down
-1.57,-1402,-394,-1443,583,1.3352,-1043,Down
-1043,-1.57,-1402,-394,-1443,1.5608,1022,Up
1022,-1043,-1.57,-1402,-394,1.74455,-2923,Down
-2923,1022,-1043,-1.57,-1402,1.5748,-1616,Down
-1616,-2923,1022,-1043,-1.57,1.4359,1305,Up
1305,-1616,-2923,1022,-1043,1.4591,678,Up
678,1305,-1616,-2923,1022,1.5954,-2285,Down
-2285,678,1305,-1616,-2923,1.5103,1313,Up
1313,-2285,678,1305,-1616,1.57853,0.54,Up
0.54,1313,-2285,678,1305,1.2585,-1409,Down
-1409,0.54,1313,-2285,678,1.4516,-544,Down
-544,-1409,0.54,1313,-2285,1.4508,-645,Down
-645,-544,-1409,0.54,1313,1.4309,-1009,Down
-1009,-645,-544,-1409,0.54,1.2768,757,Up
757,-1009,-645,-544,-1409,1.2382,-0.81,Down
-0.81,757,-1009,-645,-544,1307,-1269,Down
-1269,-0.81,757,-1009,-645,1.2605,-0.16,Down
-0.16,-1269,-0.81,757,-1009,1.4893,2143,Up
2143,-0.16,-1269,-0.81,757,1.4046,1.95,Up
1.95,2143,-0.16,-1269,-0.81,1.2508,-0.71,Down
-0.71,1.95,2143,-0.16,-1269,1.0756,-0.95,Down
-0.95,-0.71,1.95,2143,-0.16,1.1941,1322,Up
1322,-0.95,-0.71,1.95,2143,1.3982,-1838,Down
-1838,1322,-0.95,-0.71,1.95,1.2292,719,Up
719,-1838,1322,-0.95,-0.71,1.4837,-1314,Down
-1314,719,-1838,1322,-0.95,1.3744,1176,Up
1176,-1314,719,-1838,1322,1.2878,462,Up
462,1176,-1314,719,-1838,1.3733,-754,Down
-754,462,1176,-1314,719,1.2089,-1536,Down
-1536,-754,462,1176,-1314,1.2566,956,Up
956,-1536,-754,462,1176,1.3327,-934,Down
-934,956,-1536,-754,462,1.2992,826,Up
826,-934,956,-1536,-754,1.3685,-2583,Down
-2583,826,-934,956,-1536,1255,-836,Down
-836,-2583,826,-934,956,1.4277,432,Up
432,-836,-2583,826,-934,1.62,3446,Up
3446,432,-836,-2583,826,1.8163,165,Up
165,3446,432,-836,-2583,1.5419,3543,Up
3543,165,3446,432,-836,1.70042,424,Up
424,3543,165,3446,432,1.5551,874,Up
874,424,3543,165,3446,1.4734,189,Up
189,874,424,3543,165,1.4391,2298,Up
2298,189,874,424,3543,1.88371,-3523,Down
-3523,2298,189,874,424,1293,1216,Up
1216,-3523,2298,189,874,1.3334,-548,Down
-548,1216,-3523,2298,189,1.3197,-164,Down
-164,-548,1216,-3523,2298,1.2329,-578,Down
-578,-164,-548,1216,-3523,1227,-1774,Down
-1774,-578,-164,-548,1216,1.4955,1214,Up
1214,-1774,-578,-164,-548,1.4616,2612,Up
2612,1214,-1774,-578,-164,1.5898,-505,Down
-505,2612,1214,-1774,-578,1.3395,274,Up
274,-505,2612,1214,-1774,1.2412,123,Up
123,274,-505,2612,1214,1494,-186,Down
-186,123,274,-505,2612,1.2354,-1.4,Down
-1.4,-186,123,274,-505,1.2937,646,Up
646,-1.4,-186,123,274,1.2753,-376,Down
-376,646,-1.4,-186,123,1.1416,1.95,Up
1.95,-376,646,-1.4,-186,1131,0.63,Up
0.63,1.95,-376,646,-1.4,1.4602,-1224,Down
-1224,0.63,1.95,-376,646,1.5876,1554,Up
1554,-1224,0.63,1.95,-376,1.4306,-176,Down
-176,1554,-1224,0.63,1.95,1.1187,2.17,Up
2.17,-176,1554,-1224,0.63,1.6312,839,Up
839,2.17,-176,1554,-1224,1.6672,-826,Down
-826,839,2.17,-176,1554,1.6481,-1385,Down
-1385,-826,839,2.17,-176,1.3358,1783,Up
1783,-1385,-826,839,2.17,1273,328,Up
328,1783,-1385,-826,839,1.5256,-0.1,Down
-0.1,328,1783,-1385,-826,1.78851,-68,Down
-68,-0.1,328,1783,-1385,1.3975,1504,Up
1504,-68,-0.1,328,1783,1.5543,-0.38,Down
-0.38,1504,-68,-0.1,328,1.4463,846,Up
846,-0.38,1504,-68,-0.1,1.6496,-0.51,Down
-0.51,846,-0.38,1504,-68,1.5319,-1006,Down
-1006,-0.51,846,-0.38,1504,1.3796,1428,Up
1428,-1006,-0.51,846,-0.38,1.3261,1253,Up
1253,1428,-1006,-0.51,846,1.3788,-297,Down
-297,1253,1428,-1006,-0.51,1.4181,-0.32,Down
-0.32,-297,1253,1428,-1006,1.4018,787,Up
787,-0.32,-297,1253,1428,1.5087,-0.25,Down
-0.25,787,-0.32,-297,1253,1.5055,-2492,Down
-2492,-0.25,787,-0.32,-297,1.3757,-113,Down
-113,-2492,-0.25,787,-0.32,1.5053,401,Up
401,-113,-2492,-0.25,787,1.4578,915,Up
915,401,-113,-2492,-0.25,1.4485,145,Up
145,915,401,-113,-2492,1201,1957,Up
1957,145,915,401,-113,1532,183,Up
183,1957,145,915,401,1559,-376,Down
-376,183,1957,145,915,1.6858,1469,Up
1469,-376,183,1957,145,1.6888,354,Up
354,1469,-376,183,1957,1.6625,472,Up
472,354,1469,-376,183,1.4502,1511,Up
1511,472,354,1469,-376,1.6187,395,Up
395,1511,472,354,1469,1.6931,-0.24,Down
-0.24,395,1511,472,354,1.8372,-1198,Down
-1198,-0.24,395,1511,472,1307,913,Up
913,-1198,-0.24,395,1511,1.2754,1283,Up
1283,913,-1198,-0.24,395,1.52,103,Up
103,1283,913,-1198,-0.24,1.5531,-991,Down
-991,103,1283,913,-1198,1.2716,2238,Up
2238,-991,103,1283,913,1.3459,91,Up
91,2238,-991,103,1283,1.4797,-155,Down
-155,91,2238,-991,103,1.4889,-1524,Down
-1524,-155,91,2238,-991,1.5301,0.1,Up
0.1,-1524,-155,91,2238,1698,-1411,Down
-1411,0.1,-1524,-155,91,1.3981,184,Up
184,-1411,0.1,-1524,-155,1.3883,-827,Down
-827,184,-1411,0.1,-1524,1.4592,1077,Up
1077,-827,184,-1411,0.1,1.3874,-974,Down
-974,1077,-827,184,-1411,1.2678,-176,Down
-176,-974,1077,-827,184,1.5872,802,Up
802,-176,-974,1077,-827,1.4602,1164,Up
1164,802,-176,-974,1077,1.5193,-0.81,Down
-0.81,1164,802,-176,-974,0.7759,1899,Up
1899,-0.81,1164,802,-176,1.4291,0.34,Up
0.34,1899,-0.81,1164,802,1.5657,-559,Down
-559,0.34,1899,-0.81,1164,1618,-1348,Down
-1348,-559,0.34,1899,-0.81,1.4657,955,Up
955,-1348,-559,0.34,1899,1.2127,573,Up
573,955,-1348,-559,0.34,1.4489,-343,Down
-343,573,955,-1348,-559,1.5186,-633,Down
-633,-343,573,955,-1348,1662,-1243,Down
-1243,-633,-343,573,955,1.6614,1181,Up
1181,-1243,-633,-343,573,1.3652,-1462,Down
-1462,1181,-1243,-633,-343,1.2542,951,Up
951,-1462,1181,-1243,-633,1.4397,51,Up
51,951,-1462,1181,-1243,1.3627,-709,Down
-709,51,951,-1462,1181,1559,1.74,Up
1.74,-709,51,951,-1462,1.3975,-216,Down
-216,1.74,-709,51,951,1.3286,-727,Down
-727,-216,1.74,-709,51,1.5089,-181,Down
-181,-727,-216,1.74,-709,1.3919,286,Up
286,-181,-727,-216,1.74,1608,-1026,Down
-1026,286,-181,-727,-216,1.3906,272,Up
272,-1026,286,-181,-727,1.3187,-1766,Down
-1766,272,-1026,286,-181,1.3517,168,Up
168,-1766,272,-1026,286,1491,728,Up
728,168,-1766,272,-1026,1.3893,356,Up
356,728,168,-1766,272,1.0866,307,Up
307,356,728,168,-1766,1.0222,995,Up
995,307,356,728,168,1.1323,-638,Down
-638,995,307,356,728,1.2088,659,Up
659,-638,995,307,356,1.1868,16,Up
16,659,-638,995,307,0.63637,916,Up
916,16,659,-638,995,1.1276,261,Up
261,916,16,659,-638,1.3006,-205,Down
-205,261,916,16,659,1.2108,297,Up
297,-205,261,916,16,1.4071,-1018,Down
-1018,297,-205,261,916,1.3089,65,Up
65,-1018,297,-205,261,0.9717,304,Up
304,65,-1018,297,-205,1.1787,6,Up
6,304,65,-1018,297,1.0514,607,Up
607,6,304,65,-1018,1.1652,516,Up
516,607,6,304,65,0.9451,1387,Up
1387,516,607,6,304,1.4705,419,Up
419,1387,516,607,6,1.6756,166,Up
166,419,1387,516,607,1.4539,-0.64,Down
-0.64,166,419,1387,516,1.4652,1004,Up
1004,-0.64,166,419,1387,1.2993,-821,Down
-821,1004,-0.64,166,419,1.4148,-1197,Down
-1197,-821,1004,-0.64,166,1.5821,544,Up
544,-1197,-821,1004,-0.64,1.3359,217,Up
217,544,-1197,-821,1004,1.2367,-375,Down
-375,217,544,-1197,-821,1.1513,1.43,Up
1.43,-375,217,544,-1197,1.4032,-325,Down
-325,1.43,-375,217,544,1.33821,1327,Up
1327,-325,1.43,-375,217,1.4988,-316,Down
-316,1327,-325,1.43,-375,1.5186,-1301,Down
-1301,-316,1327,-325,1.43,1.2788,607,Up
607,-1301,-316,1327,-325,1.3017,-1.91,Down
-1.91,607,-1301,-316,1327,1556,-605,Down
-605,-1.91,607,-1301,-316,1.53,-0.64,Down
-0.64,-605,-1.91,607,-1301,1.4725,976,Up
976,-0.64,-605,-1.91,607,1.3665,-1054,Down
-1054,976,-0.64,-605,-1.91,1.5905,2234,Up
2234,-1054,976,-0.64,-605,1.5663,198,Up
198,2234,-1054,976,-0.64,1.2693,942,Up
942,198,2234,-1054,976,1.5705,437,Up
437,942,198,2234,-1054,1.0258,474,Up
474,437,942,198,2234,1.2795,-526,Down
-526,474,437,942,198,1.2625,479,Up
479,-526,474,437,942,1.5787,-65,Down
-65,479,-526,474,437,1.1081,702,Up
702,-65,479,-526,474,1.0405,395,Up
395,702,-65,479,-526,1.2719,-259,Down
-259,395,702,-65,479,1.5211,316,Up
316,-259,395,702,-65,1.4177,-1024,Down
-1024,316,-259,395,702,1352,516,Up
516,-1024,316,-259,395,1.1726,129,Up
129,516,-1024,316,-259,1498,-1498,Down
-1498,129,516,-1024,316,1.6472,331,Up
331,-1498,129,516,-1024,1.6043,-0.47,Down
-0.47,331,-1498,129,516,1.4203,216,Up
216,-0.47,331,-1498,129,1.3718,1519,Up
1519,216,-0.47,331,-1498,1.6292,126,Up
126,1519,216,-0.47,331,1.5626,-112,Down
-112,126,1519,216,-0.47,1.6297,0.36,Up
0.36,-112,126,1519,216,1.4989,791,Up
791,0.36,-112,126,1519,1.3782,-545,Down
-545,791,0.36,-112,126,1.4176,-137,Down
-137,-545,791,0.36,-112,1.4018,593,Up
593,-137,-545,791,0.36,1.4539,-457,Down
-457,593,-137,-545,791,1.4405,-579,Down
-579,-457,593,-137,-545,1.2436,-52,Down
-52,-579,-457,593,-137,1.1625,1143,Up
1143,-52,-579,-457,593,1.3493,-11,Down
-11,1143,-52,-579,-457,1383,-762,Down
-762,-11,1143,-52,-579,1.3561,-0.64,Down
-0.64,-762,-11,1143,-52,1.3743,-908,Down
-908,-0.64,-762,-11,1143,1.3543,802,Up
802,-908,-0.64,-762,-11,1.3262,-843,Down
-843,802,-908,-0.64,-762,1.3267,158,Up
158,-843,802,-908,-0.64,1.2738,1623,Up
1623,158,-843,802,-908,1.3028,172,Up
172,1623,158,-843,802,1.3337,433,Up
433,172,1623,158,-843,1.0977,-24,Down
-24,433,172,1623,158,0.48722,1126,Up
1126,-24,433,172,1623,1375,-327,Down
-327,1126,-24,433,172,1.3832,-177,Down
-177,-327,1126,-24,433,1.4417,469,Up
469,-177,-327,1126,-24,1.4631,-768,Down
-768,469,-177,-327,1126,1.2659,735,Up
735,-768,469,-177,-327,1.2189,-853,Down
-853,735,-768,469,-177,1.4655,-107,Down
-107,-853,735,-768,469,1444,1148,Up
1148,-107,-853,735,-768,1.4411,274,Up
274,1148,-107,-853,735,1.2231,-568,Down
-568,274,1148,-107,-853,1.5208,664,Up
664,-568,274,1148,-107,1.5479,126,Up
126,664,-568,274,1148,1.4417,1.18,Up
1.18,126,664,-568,274,1.5799,-48,Down
-48,1.18,126,664,-568,1.6573,393,Up
393,-48,1.18,126,664,1.2517,282,Up
282,393,-48,1.18,126,1.1453,-181,Down
-181,282,393,-48,1.18,0.51806,169,Up
169,-181,282,393,-48,0.35607,1.24,Up
1.24,169,-181,282,393,1.0588,14,Up
14,1.24,169,-181,282,1.0126,205,Up
205,14,1.24,169,-181,1.0275,-309,Down
-309,205,14,1.24,169,1.1532,1.24,Up
1.24,-309,205,14,1.24,1.5782,129,Up
129,1.24,-309,205,14,1.4945,237,Up
237,129,1.24,-309,205,1.7049,496,Up
496,237,129,1.24,-309,1.8684,-889,Down
-889,496,237,129,1.24,1.7207,479,Up
479,-889,496,237,129,1.5102,-533,Down
-533,479,-889,496,237,1.5959,829,Up
829,-533,479,-889,496,1.5146,135,Up
135,829,-533,479,-889,1695,687,Up
687,135,829,-533,479,1.7211,-93,Down
-93,687,135,829,-533,1.6982,777,Up
777,-93,687,135,829,1.7576,-321,Down
-321,777,-93,687,135,1.6937,-209,Down
-209,-321,777,-93,687,1.5612,1211,Up
1211,-209,-321,777,-93,1.4806,-0.98,Down
-0.98,1211,-209,-321,777,1.6731,-1361,Down
-1361,-0.98,1211,-209,-321,1842,499,Up
499,-1361,-0.98,1211,-209,1.9219,-263,Down
-263,499,-1361,-0.98,1211,1635,365,Up
365,-263,499,-1361,-0.98,1.5992,68,Up
68,365,-263,499,-1361,1.4769,-837,Down
-837,68,365,-263,499,1.6348,184,Up
184,-837,68,365,-263,1.5666,1256,Up
1256,184,-837,68,365,1.4776,-258,Down
-258,1256,184,-837,68,1.3035,503,Up
503,-258,1256,184,-837,1.4039,1067,Up
1067,503,-258,1256,184,1.6993,-488,Down
-488,1067,503,-258,1256,1.4643,-547,Down
-547,-488,1067,503,-258,1.3292,976,Up
976,-547,-488,1067,503,1.3965,-447,Down
-447,976,-547,-488,1067,1.3824,-413,Down
-413,-447,976,-547,-488,1.5628,-257,Down
-257,-413,-447,976,-547,1.4796,-273,Down
-273,-257,-413,-447,976,1.3804,-167,Down
-167,-273,-257,-413,-447,1.5436,402,Up
402,-167,-273,-257,-413,1.3607,108,Up
108,402,-167,-273,-257,1.3839,3,Up
3,108,402,-167,-273,1.5404,963,Up
963,3,108,402,-167,1.4971,-594,Down
-594,963,3,108,402,1476,168,Up
168,-594,963,3,108,1.3345,334,Up
334,168,-594,963,3,1.2658,172,Up
172,334,168,-594,963,1.3982,-835,Down
-835,172,334,168,-594,1.2544,-577,Down
-577,-835,172,334,168,1.4994,-1463,Down
-1463,-577,-835,172,334,1.6484,-1522,Down
-1522,-1463,-577,-835,172,1.8899,1246,Up
1246,-1522,-1463,-577,-835,1.3885,-1435,Down
-1435,1246,-1522,-1463,-577,1.6006,562,Up
562,-1435,1246,-1522,-1463,1.5007,1175,Up
1175,562,-1435,1246,-1522,1.4901,-127,Down
-127,1175,562,-1435,1246,1.3692,-1117,Down
-1117,-127,1175,562,-1435,1.4574,-1296,Down
-1296,-1117,-127,1175,562,1.4523,-132,Down
-132,-1296,-1117,-127,1175,1.4582,-239,Down
-239,-132,-1296,-1117,-127,1.5278,1637,Up
1637,-239,-132,-1296,-1117,1.4717,-102,Down
-102,1637,-239,-132,-1296,1.3191,1.3,Up
1.3,-102,1637,-239,-132,1.4055,404,Up
404,1.3,-102,1637,-239,1.3324,-0.07,Down
-0.07,404,1.3,-102,1637,1.5607,529,Up
529,-0.07,404,1.3,-102,1.5607,851,Up
851,529,-0.07,404,1.3,1.6292,767,Up
767,851,529,-0.07,404,1.4137,-209,Down
-209,767,851,529,-0.07,1.3977,-665,Down
-665,-209,767,851,529,1.4588,-106,Down
-106,-665,-209,767,851,1.1998,516,Up
516,-106,-665,-209,767,1.1024,-1376,Down
-1376,516,-106,-665,-209,1.4232,-112,Down
-112,-1376,516,-106,-665,1.5477,59,Up
59,-112,-1376,516,-106,1.5687,511,Up
511,59,-112,-1376,516,1.4878,107,Up
107,511,59,-112,-1376,1.1949,-1556,Down
-1556,107,511,59,-112,1.5085,531,Up
531,-1556,107,511,59,1.7381,1409,Up
1409,531,-1556,107,511,1.8267,59,Up
59,1409,531,-1556,107,1.3961,-445,Down
-445,59,1409,531,-1556,1.2906,227,Up
227,-445,59,1409,531,1518,-1379,Down
-1379,227,-445,59,1409,1.8556,-759,Down
-759,-1379,227,-445,59,1859,-592,Down
-592,-759,-1379,227,-445,1.6347,0.92,Up
0.92,-592,-759,-1379,227,1.5716,184,Up
184,0.92,-592,-759,-1379,1.6621,177,Up
177,184,0.92,-592,-759,1469,-672,Down
-672,177,184,0.92,-592,1.5093,-1373,Down
-1373,-672,177,184,0.92,1.6536,-1054,Down
-1054,-1373,-672,177,184,1.9184,766,Up
766,-1054,-1373,-672,177,1.5338,167,Up
167,766,-1054,-1373,-672,1.6976,-77,Down
-77,167,766,-1054,-1373,1.4111,-67,Down
-67,-77,167,766,-1054,1.3359,-1059,Down
-1059,-67,-77,167,766,1.4301,682,Up
682,-1059,-67,-77,167,1353,-257,Down
-257,682,-1059,-67,-77,1.5486,47,Up
47,-257,682,-1059,-67,1211,401,Up
401,47,-257,682,-1059,1.2586,169,Up
169,401,47,-257,682,1.2275,1.61,Up
1.61,169,401,47,-257,1.5457,0.17,Up
0.17,1.61,169,401,47,1.3694,569,Up
569,0.17,1.61,169,401,1.4475,-54,Down
-54,569,0.17,1.61,169,1.1726,46,Up
46,-54,569,0.17,1.61,1238,338,Up
338,46,-54,569,0.17,1.2517,-742,Down
-742,338,46,-54,569,1.2324,525,Up
525,-742,338,46,-54,1.1153,1596,Up
1596,525,-742,338,46,1.2118,154,Up
154,1596,525,-742,338,1.1903,-0.95,Down
-0.95,154,1596,525,-742,1.2768,454,Up
454,-0.95,154,1596,525,1.1606,-984,Down
-984,454,-0.95,154,1596,1.1794,597,Up
597,-984,454,-0.95,154,1.3459,137,Up
137,597,-984,454,-0.95,1.1684,-133,Down
-133,137,597,-984,454,1.2967,262,Up
262,-133,137,597,-984,1.5006,-416,Down
-416,262,-133,137,597,1.1239,364,Up
364,-416,262,-133,137,1.3823,851,Up
851,364,-416,262,-133,1.4442,-298,Down
-298,851,364,-416,262,1.3949,-545,Down
-545,-298,851,364,-416,1.8129,-95,Down
-95,-545,-298,851,364,1.3546,251,Up
251,-95,-545,-298,851,1375,408,Up
408,251,-95,-545,-298,1.4738,-1043,Down
-1043,408,251,-95,-545,1.4957,-315,Down
-315,-1043,408,251,-95,1085,-815,Down
-815,-315,-1043,408,251,1.2833,0.19,Up
0.19,-815,-315,-1043,408,1.3286,-824,Down
-824,0.19,-815,-315,-1043,1.4011,334,Up
334,-824,0.19,-815,-315,1.1863,138,Up
138,334,-824,0.19,-815,1.1146,71,Up
71,138,334,-824,0.19,1.1997,-329,Down
-329,71,138,334,-824,1462,-0.43,Down
-0.43,-329,71,138,334,1.4087,-479,Down
-479,-0.43,-329,71,138,1.4503,-44,Down
-44,-479,-0.43,-329,71,1.3199,706,Up
706,-44,-479,-0.43,-329,1.4458,-1334,Down
-1334,706,-44,-479,-0.43,1.6795,271,Up
271,-1334,706,-44,-479,1.6808,-0.97,Down
-0.97,271,-1334,706,-44,1.3375,-196,Down
-196,-0.97,271,-1334,706,1.4134,993,Up
993,-196,-0.97,271,-1334,1.6108,54,Up
54,993,-196,-0.97,271,1.5543,457,Up
457,54,993,-196,-0.97,1.5301,117,Up
117,457,54,993,-196,1.2982,445,Up
445,117,457,54,993,1276,-626,Down
-626,445,117,457,54,1.3383,-96,Down
-96,-626,445,117,457,1.3692,-1632,Down
-1632,-96,-626,445,117,1.3974,-1548,Down
-1548,-1632,-96,-626,445,1521,117,Up
117,-1548,-1632,-96,-626,1086,1297,Up
1297,117,-1548,-1632,-96,1.2456,-301,Down
-301,1297,117,-1548,-1632,1.4104,-1168,Down
-1168,-301,1297,117,-1548,1.4051,148,Up
148,-1168,-301,1297,117,1.1751,1366,Up
1366,148,-1168,-301,1297,1.2062,0.22,Up
0.22,1366,148,-1168,-301,1.2678,1244,Up
1244,0.22,1366,148,-1168,1.2825,-0.36,Down
-0.36,1244,0.22,1366,148,1.2494,652,Up
652,-0.36,1244,0.22,1366,1.1999,-243,Down
-243,652,-0.36,1244,0.22,1.0219,47,Up
47,-243,652,-0.36,1244,1.0925,0.8,Up
0.8,47,-243,652,-0.36,1.1922,12,Up
12,0.8,47,-243,652,1.0236,243,Up
243,12,0.8,47,-243,0.8454,-778,Down
-778,243,12,0.8,47,0.8431,463,Up
463,-778,243,12,0.8,1.1382,151,Up
151,463,-778,243,12,1.1421,1121,Up
1121,151,463,-778,243,1.1184,-418,Down
-418,1121,151,463,-778,0.92417,689,Up
689,-418,1121,151,463,1.2144,-449,Down
-449,689,-418,1121,151,1.2463,189,Up
189,-449,689,-418,1121,1.3713,495,Up
495,189,-449,689,-418,1.2612,169,Up
169,495,189,-449,689,1.2998,223,Up
223,169,495,189,-449,1.2045,-705,Down
-705,223,169,495,189,1256,279,Up
279,-705,223,169,495,1.1139,449,Up
449,279,-705,223,169,1.4226,-563,Down
-563,449,279,-705,223,1.1976,633,Up
633,-563,449,279,-705,1325,-1394,Down
-1394,633,-563,449,279,1.3799,-467,Down
-467,-1394,633,-563,449,1.2863,158,Up
158,-467,-1394,633,-563,1.2554,-594,Down
-594,158,-467,-1394,633,1.2635,593,Up
593,-594,158,-467,-1394,1.3966,427,Up
427,593,-594,158,-467,1.4029,-0.02,Down
-0.02,427,593,-594,158,1748,1518,Up
1518,-0.02,427,593,-594,1.5822,324,Up
324,1518,-0.02,427,593,1534,-61,Down
-61,324,1518,-0.02,427,1.4184,667,Up
667,-61,324,1518,-0.02,1.4167,-998,Down
-998,667,-61,324,1518,1.4475,-753,Down
-753,-998,667,-61,324,1.2916,201,Up
201,-753,-998,667,-61,0.9438,-227,Down
-227,201,-753,-998,667,1.3201,-0.73,Down
-0.73,-227,201,-753,-998,1.5462,-0.93,Down
-0.93,-0.73,-227,201,-753,1.4895,445,Up
445,-0.93,-0.73,-227,201,1.6451,525,Up
525,445,-0.93,-0.73,-227,1.3733,-969,Down
-969,525,445,-0.93,-0.73,1.7375,39,Up
39,-969,525,445,-0.93,1.6857,256,Up
256,39,-969,525,445,1673,-972,Down
-972,256,39,-969,525,1.4696,-86,Down
-86,-972,256,39,-969,1.3805,1488,Up
1488,-86,-972,256,39,1.6854,1288,Up
1288,1488,-86,-972,256,1.7419,181,Up
181,1288,1488,-86,-972,1.6282,245,Up
245,181,1288,1488,-86,1.5008,27,Up
27,245,181,1288,1488,1.3959,4,Up
4,27,245,181,1288,1659,1118,Up
1118,4,27,245,181,1.7675,1616,Up
1616,1118,4,27,245,1.7827,387,Up
387,1616,1118,4,27,1.7244,-0.11,Down
-0.11,387,1616,1118,4,1.3587,-0.07,Down
-0.07,-0.11,387,1616,1118,1.4508,-101,Down
-101,-0.07,-0.11,387,1616,1.5043,909,Up
909,-101,-0.07,-0.11,387,1393,911,Up
911,909,-101,-0.07,-0.11,1.5316,-0.03,Down
-0.03,911,909,-101,-0.07,1.4533,-708,Down
-708,-0.03,911,909,-101,1.3644,554,Up
554,-708,-0.03,911,909,1.6842,136,Up
136,554,-708,-0.03,911,1.4567,-1116,Down
-1116,136,554,-708,-0.03,1.5266,0.59,Up
0.59,-1116,136,554,-708,1.3927,-25,Down
-25,0.59,-1116,136,554,1.4283,0.41,Up
0.41,-25,0.59,-1116,136,1.1496,75,Up
75,0.41,-25,0.59,-1116,0.50458,-345,Down
-345,75,0.41,-25,0.59,1.3785,-403,Down
-403,-345,75,0.41,-25,1.5535,1495,Up
1495,-403,-345,75,0.41,1.7728,-87,Down
-87,1495,-403,-345,75,1.7749,71,Up
71,-87,1495,-403,-345,1.5667,-77,Down
-77,71,-87,1495,-403,1.3544,-1107,Down
-1107,-77,71,-87,1495,1.5339,488,Up
488,-1107,-77,71,-87,1.5252,544,Up
544,488,-1107,-77,71,1.6247,-104,Down
-104,544,488,-1107,-77,1.4437,899,Up
899,-104,544,488,-1107,1.4361,392,Up
392,899,-104,544,488,1.5444,194,Up
194,392,899,-104,544,1.6958,-208,Down
-208,194,392,899,-104,1.7939,-749,Down
-749,-208,194,392,899,2335,38,Up
38,-749,-208,194,392,1.4228,904,Up
904,38,-749,-208,194,1.4837,342,Up
342,904,38,-749,-208,1.3908,46,Up
46,342,904,38,-749,0.9561,-431,Down
-431,46,342,904,38,922,715,Up
715,-431,46,342,904,983,-7,Down
-7,715,-431,46,342,0.9259,8,Up
8,-7,715,-431,46,0.8298,-134,Down
-134,8,-7,715,-431,0.7869,-812,Down
-812,-134,8,-7,715,1.5108,-1167,Down
-1167,-812,-134,8,-7,1721,-363,Down
-363,-1167,-812,-134,8,1.7389,351,Up
351,-363,-1167,-812,-134,1.5691,-143,Down
-143,351,-363,-1167,-812,1.4779,342,Up
342,-143,351,-363,-1167,1.4904,-0.61,Down
-0.61,342,-143,351,-363,1.4888,398,Up
398,-0.61,342,-143,351,1.5621,-863,Down
-863,398,-0.61,342,-143,1.5103,0.6,Up
0.6,-863,398,-0.61,342,1.3354,967,Up
967,0.6,-863,398,-0.61,1.5968,-949,Down
-949,967,0.6,-863,398,1.4987,-778,Down
-778,-949,967,0.6,-863,1692,-641,Down
-641,-778,-949,967,0.6,1.6435,-353,Down
-353,-641,-778,-949,967,1.4946,0.4,Up
0.4,-353,-641,-778,-949,1.6104,484,Up
484,0.4,-353,-641,-778,1.6359,41,Up
41,484,0.4,-353,-641,1.6006,-272,Down
-272,41,484,0.4,-353,1.6418,846,Up
846,-272,41,484,0.4,1.6798,689,Up
689,846,-272,41,484,1.68198,318,Up
318,689,846,-272,41,1.56174,-277,Down
-277,318,689,846,-272,1.55446,1104,Up
1104,-277,318,689,846,1.64816,-109,Down
-109,1104,-277,318,689,1.34727,48,Up
48,-109,1104,-277,318,1.41617,-858,Down
-858,48,-109,1104,-277,1.51104,421,Up
421,-858,48,-109,1104,1.49167,693,Up
693,421,-858,48,-109,1.5623,0.07,Up
0.07,693,421,-858,48,1.29018,0.33,Up
0.33,0.07,693,421,-858,1.52708,18,Up
18,0.33,0.07,693,421,1.4901,-792,Down
-792,18,0.33,0.07,693,1.58012,0.07,Up
0.07,-792,18,0.33,0.07,1.5512,-1451,Down
-1451,0.07,-792,18,0.33,1.74494,561,Up
561,-1451,0.07,-792,18,1.50109,789,Up
789,561,-1451,0.07,-792,1.51875,931,Up
931,789,561,-1451,0.07,1.52368,-641,Down
-641,931,789,561,-1451,1.79548,566,Up
566,-641,931,789,561,1.70806,-27,Down
-27,566,-641,931,789,1.56854,32,Up
32,-27,566,-641,931,1.61624,962,Up
962,32,-27,566,-641,1.63682,261,Up
261,962,32,-27,566,1.48883,-0.48,Down
-0.48,261,962,32,-27,1.52309,-1019,Down
-1019,-0.48,261,962,32,1.70497,186,Up
186,-1019,-0.48,261,962,1.60402,-758,Down
-758,186,-1019,-0.48,261,1.44982,562,Up
562,-758,186,-1019,-0.48,1.43743,-752,Down
-752,562,-758,186,-1019,1.51353,-808,Down
-808,-752,562,-758,186,1.65319,0.18,Up
0.18,-808,-752,562,-758,1.58193,-47,Down
-47,0.18,-808,-752,562,2.34437,-493,Down
-493,-47,0.18,-808,-752,1.81944,-1.02,Down
-1.02,-493,-47,0.18,-808,2.11447,0.07,Up
0.07,-1.02,-493,-47,0.18,2.24687,-95,Down
-95,0.07,-1.02,-493,-47,1.72172,244,Up
244,-95,0.07,-1.02,-493,1.74622,-0.76,Down
-0.76,244,-95,0.07,-1.02,2.22325,1377,Up
1377,-0.76,244,-95,0.07,2.09711,-69,Down
-69,1377,-0.76,244,-95,2.21423,-0.65,Down
-0.65,-69,1377,-0.76,244,2.16869,273,Up
273,-0.65,-69,1377,-0.76,2.07977,448,Up
448,273,-0.65,-69,1377,1.8708,227,Up
227,448,273,-0.65,-69,1.7974,597,Up
597,227,448,273,-0.65,1.90062,-834,Down
-834,597,227,448,273,1.66133,1,Up
1,-834,597,227,448,1.52531,555,Up
555,1,-834,597,227,1.97983,-1176,Down
-1176,555,1,-834,597,2.04974,-1,Down
-1,-1176,555,1,-834,2.35504,-1672,Down
-1672,-1,-1176,555,1,2.68996,294,Up
294,-1672,-1,-1176,555,2.18067,593,Up
593,294,-1672,-1,-1176,2.1427,-1325,Down
-1325,593,294,-1672,-1,2.21705,1974,Up
1974,-1325,593,294,-1672,2.30856,-675,Down
-675,1974,-1325,593,294,2.04588,866,Up
866,-675,1974,-1325,593,1.79503,-884,Down
-884,866,-675,1974,-1325,1.95974,395,Up
395,-884,866,-675,1974,2.15152,-1138,Down
-1138,395,-884,866,-675,2.18227,1192,Up
1192,-1138,395,-884,866,2.36236,459,Up
459,1192,-1138,395,-884,1.98004,-85,Down
-85,459,1192,-1138,395,2.16702,1247,Up
1247,-85,459,1192,-1138,2.30648,-257,Down
-257,1247,-85,459,1192,1.9971,-109,Down
-109,-257,1247,-85,459,1.7072,639,Up
639,-109,-257,1247,-85,1.85702,-1071,Down
-1071,639,-109,-257,1247,1.88966,419,Up
419,-1071,639,-109,-257,1.83497,-1003,Down
-1003,419,-1071,639,-109,1.99529,-458,Down
-458,-1003,419,-1071,639,2.18859,1009,Up
1009,-458,-1003,419,-1071,1.85686,696,Up
696,1009,-458,-1003,419,1.88726,1002,Up
1002,696,1009,-458,-1003,2.26632,466,Up
466,1002,696,1009,-458,1.77586,-151,Down
-151,466,1002,696,1009,1.63175,385,Up
385,-151,466,1002,696,1.68117,18,Up
18,385,-151,466,1002,1681,-0.34,Down
-0.34,18,385,-151,466,1.74218,639,Up
639,-0.34,18,385,-151,1.65411,97,Up
97,639,-0.34,18,385,1.38143,-607,Down
-607,97,639,-0.34,18,1.84068,0.9,Up
0.9,-607,97,639,-0.34,1.8101,172,Up
172,0.9,-607,97,639,1.81379,-687,Down
-687,172,0.9,-607,97,1.62752,125,Up
125,-687,172,0.9,-607,1.54712,-21,Down
-21,125,-687,172,0.9,1.85137,-216,Down
-216,-21,125,-687,172,1.71549,524,Up
524,-216,-21,125,-687,1.82412,-235,Down
-235,524,-216,-21,125,1.66418,226,Up
226,-235,524,-216,-21,1.66135,257,Up
257,226,-235,524,-216,1.69815,222,Up
222,257,226,-235,524,1.84044,363,Up
363,222,257,226,-235,1.77604,495,Up
495,363,222,257,226,2.40737,-71,Down
-71,495,363,222,257,1.71453,-205,Down
-205,-71,495,363,222,1.7207,22,Up
22,-205,-71,495,363,1.82325,-1083,Down
-1083,22,-205,-71,495,2.02992,-763,Down
-763,-1083,22,-205,-71,2.4188,-74,Down
-74,-763,-1083,22,-205,1.73862,914,Up
914,-74,-763,-1083,22,1.77241,-143,Down
-143,914,-74,-763,-1083,1.76928,-0.71,Down
-0.71,-143,914,-74,-763,2.10949,261,Up
261,-0.71,-143,914,-74,1.59382,883,Up
883,261,-0.71,-143,914,1.80582,-834,Down
-834,883,261,-0.71,-143,1.88347,245,Up
245,-834,883,261,-0.71,1.95244,1168,Up
1168,245,-834,883,261,1.90081,625,Up
625,1168,245,-834,883,1.8463,227,Up
227,625,1168,245,-834,1.93201,88,Up
88,227,625,1168,245,1.8125,262,Up
262,88,227,625,1168,2.04871,116,Up
116,262,88,227,625,1.7164,-553,Down
-553,116,262,88,227,1.5821,673,Up
673,-553,116,262,88,2.04128,476,Up
476,673,-553,116,262,2.06334,-661,Down
-661,476,673,-553,116,2.12984,541,Up
541,-661,476,673,-553,1.76699,-377,Down
-377,541,-661,476,673,1.71758,173,Up
173,-377,541,-661,476,1.93418,457,Up
457,173,-377,541,-661,1.9458,0.56,Up
0.56,457,173,-377,541,2.00168,-767,Down
-767,0.56,457,173,-377,1.7896,95,Up
95,-767,0.56,457,173,1.71687,0.71,Up
0.71,95,-767,0.56,457,2.04312,74,Up
74,0.71,95,-767,0.56,1.99998,-737,Down
-737,74,0.71,95,-767,1.98122,-764,Down
-764,-737,74,0.71,95,1.93028,-268,Down
-268,-764,-737,74,0.71,1.80414,674,Up
674,-268,-764,-737,74,1.89752,-183,Down
-183,674,-268,-764,-737,2.17232,706,Up
706,-183,674,-268,-764,1.94156,-599,Down
-599,706,-183,674,-268,1.7093,283,Up
283,-599,706,-183,674,1.56288,-1178,Down
-1178,283,-599,706,-183,1.82041,74,Up
74,-1178,283,-599,706,1.85915,-0.1,Down
-0.1,74,-1178,283,-599,1.80817,57,Up
57,-0.1,74,-1178,283,1.55879,166,Up
166,57,-0.1,74,-1178,1.62133,-339,Down
-339,166,57,-0.1,74,1.67862,-657,Down
-657,-339,166,57,-0.1,1.9308,0.23,Up
0.23,-657,-339,166,57,1.57111,-0.6,Down
-0.6,0.23,-657,-339,166,1.54109,596,Up
596,-0.6,0.23,-657,-339,1.59945,-319,Down
-319,596,-0.6,0.23,-657,1.91647,986,Up
986,-319,596,-0.6,0.23,2.36551,103,Up
103,986,-319,596,-0.6,2.22986,-292,Down
-292,103,986,-319,596,1.64016,1262,Up
1262,-292,103,986,-319,1.93209,241,Up
241,1262,-292,103,986,2.0677,-379,Down
-379,241,1262,-292,103,1.95538,796,Up
796,-379,241,1262,-292,1.99256,-74,Down
-74,796,-379,241,1262,1.93805,-754,Down
-754,-74,796,-379,241,2.08236,-328,Down
-328,-754,-74,796,-379,1.98675,46,Up
46,-328,-754,-74,796,2.07934,829,Up
829,46,-328,-754,-74,3.15247,-557,Down
-557,829,46,-328,-754,2.07654,-786,Down
-786,-557,829,46,-328,2.31925,-912,Down
-912,-786,-557,829,46,2.54815,365,Up
365,-912,-786,-557,829,2.42472,55,Up
55,365,-912,-786,-557,1.97302,28,Up
28,55,365,-912,-786,2.02222,2,Up
2,28,55,365,-912,1.97627,101,Up
101,2,28,55,365,2.10698,887,Up
887,101,2,28,55,2.17612,92,Up
92,887,101,2,28,2.09752,-172,Down
-172,92,887,101,2,2.09749,-997,Down
-997,-172,92,887,101,2.34142,-1489,Down
-1489,-997,-172,92,887,2.54678,-0.41,Down
-0.41,-1489,-997,-172,92,2.79203,0.37,Up
0.37,-0.41,-1489,-997,-172,2.12608,-717,Down
-717,0.37,-0.41,-1489,-997,2.19599,-207,Down
-207,-717,0.37,-0.41,-1489,2.29904,-607,Down
-607,-207,-717,0.37,-0.41,2.49128,-71,Down
-71,-607,-207,-717,0.37,2.35115,827,Up
827,-71,-607,-207,-717,2.18894,297,Up
297,827,-71,-607,-207,2.05457,-1005,Down
-1005,297,827,-71,-607,2.19701,1496,Up
1496,-1005,297,827,-71,2.70359,-1502,Down
-1502,1496,-1005,297,827,2.61725,152,Up
152,-1502,1496,-1005,297,2.47092,1678,Up
1678,152,-1502,1496,-1005,2.19779,-237,Down
-237,1678,152,-1502,1496,2.31247,-431,Down
-431,-237,1678,152,-1502,2.46775,-1048,Down
-1048,-431,-237,1678,152,2.39537,1655,Up
1655,-1048,-431,-237,1678,2.3794,718,Up
718,1655,-1048,-431,-237,2.56747,-352,Down
-352,718,1655,-1048,-431,2.45785,998,Up
998,-352,718,1655,-1048,2.64809,426,Up
426,998,-352,718,1655,2.71663,16,Up
16,426,998,-352,718,2.05051,219,Up
219,16,426,998,-352,1.98758,-345,Down
-345,219,16,426,998,1.96505,169,Up
169,-345,219,16,426,2.21446,845,Up
845,169,-345,219,16,2.37846,305,Up
305,845,169,-345,219,1.77314,-78,Down
-78,305,845,169,-345,1.89978,-385,Down
-385,-78,305,845,169,2.35937,179,Up
179,-385,-78,305,845,2.12158,941,Up
941,179,-385,-78,305,2.29804,0.44,Up
0.44,941,179,-385,-78,2.45329,527,Up
527,0.44,941,179,-385,2.11735,508,Up
508,527,0.44,941,179,2.29142,347,Up
347,508,527,0.44,941,1.9854,209,Up
209,347,508,527,0.44,0.72494,-851,Down
-851,209,347,508,527,2.0169,2,Up
2,-851,209,347,508,2.26834,-636,Down
-636,2,-851,209,347,2.37469,1216,Up
1216,-636,2,-851,209,2.61483,32,Up
32,1216,-636,2,-851,2.12558,-236,Down
-236,32,1216,-636,2,2.32584,128,Up
128,-236,32,1216,-636,2.11074,-501,Down
-501,128,-236,32,1216,2.09383,-122,Down
-122,-501,128,-236,32,2.1783,281,Up
281,-122,-501,128,-236,1.89629,84,Up
84,281,-122,-501,128,1.87655,555,Up
555,84,281,-122,-501,2.39002,419,Up
419,555,84,281,-122,2.14552,-141,Down
-141,419,555,84,281,2.18059,-285,Down
-285,-141,419,555,84,2.58419,-584,Down
-584,-285,-141,419,555,2.20881,-24,Down
-24,-584,-285,-141,419,1.99669,252,Up
252,-24,-584,-285,-141,2.06517,422,Up
422,252,-24,-584,-285,1.8885,43,Up
43,422,252,-24,-584,1.28581,-955,Down
-955,43,422,252,-24,1.54047,0.13,Up
0.13,-955,43,422,252,1.42236,-298,Down
-298,0.13,-955,43,422,1.38254,-489,Down
